model,test,clean_rmse,clean_mae,clean_r2
GB_Baseline,clean,0.11098313859827041,0.07342733238299352,0.9184046848437357
GB_NoiseAug,clean,0.11176055754529592,0.0744237205906719,0.9172575571564722
GB_FeatureMask,clean,0.11308240575787377,0.07537770346527493,0.9152887095239192
GB_NoisePlusFeatureMask,clean,0.11819027277474467,0.07871325471977123,0.9074631548248442
