model,clean_rmse,clean_mae,clean_r2
GradientBoosting,0.11058757246234327,0.07401569988466851,0.9189852923892855
ElasticNet,0.11417831418295676,0.07680137865353108,0.9136388390021233
XGBoost,0.11430131600580103,0.07806411931701536,0.9134526687641153
Lasso,0.1143503050114839,0.07697180758771484,0.9133784653088342
LightGBM,0.11699192315296209,0.07927185037823653,0.9093301328382972
Ridge,0.12169243056639069,0.08359464342814708,0.9018978896406645
RandomForest,0.13828324678569887,0.0918244631093524,0.8733251627402154
