rank,model,clean_rmse,clean_mae,clean_r2,feature_ablation,feature_noise,target_corruption,worst_group_rmse,best_group_rmse,mean_group_rmse,worst_group_gap,robust_penalty_raw,RobustScore,joint_rank_score
1,GradientBoosting,0.11058757246234327,0.07401569988466851,0.9189852923892855,0.001818000404650531,1.4749571751765389e-05,8.609342599022463e-05,0.14968318446700563,0.08086257152556348,0.10589321321951421,0.039095612004662356,0.010516967091274688,-0.010516967091274688,-0.9710204186127933
