rank,model,clean_rmse,clean_mae,clean_r2,feature_ablation,feature_noise,target_corruption,worst_group_rmse,best_group_rmse,mean_group_rmse,worst_group_gap,robust_penalty_raw,RobustScore,joint_rank_score
1,GradientBoosting,0.11058757246234327,0.07401569988466851,0.9189852923892855,0.001818000404650531,1.4749571751765389e-05,8.609342599022463e-05,0.14968318446700563,0.08086257152556348,0.10589321321951421,0.039095612004662356,0.010516967091274688,-0.010516967091274688,-0.9710204186127933
2,Ridge,0.12169243056639069,0.08359464342814708,0.9018978896406645,0.0005276624859275741,2.892490734106301e-05,0.00029490598076205993,0.1548480628553389,0.09863219349425739,0.11878435852503748,0.0331556322889482,0.008549993945190602,-0.008549993945190602,-0.7182310681053248
3,LightGBM,0.11699192315296209,0.07927185037823653,0.9093301328382972,0.00041553801351542724,-0.0002676075028336805,0.0004808398642120945,0.15717811027286105,0.08766808104920004,0.11233857532051515,0.040186187119898964,0.01023136646444599,-0.01023136646444599,-0.37826252046430164
4,ElasticNet,0.11417831418295676,0.07680137865353108,0.9136388390021233,0.001282194056787635,0.00011378530973709527,-1.05937886871188e-06,0.15598917285000508,0.08262338558099637,0.10892070096541066,0.04181085866704831,0.010988190444594243,-0.010988190444594243,-0.3062074934042033
5,XGBoost,0.11430131600580103,0.07806411931701536,0.9134526687641153,0.0010661447136543951,0.0012579016682008337,4.511044630094857e-05,0.15541858781507917,0.08569243036477849,0.10928193934295198,0.04111727180927814,0.010964122738366602,-0.010964122738366602,-0.30460853112236275
6,Lasso,0.1143503050114839,0.07697180758771484,0.9133784653088342,0.0013058812547584685,0.00011543298519361284,-2.0482599426496773e-05,0.1564397000538251,0.08263840679209723,0.10902526100666453,0.0420893950423412,0.011064715469613436,-0.011064715469613436,-0.2459517230007175
7,RandomForest,0.13828324678569887,0.0918244631093524,0.8733251627402154,-0.0008477093940583713,0.00023714058360481405,-0.0009304990583650641,0.1872527919276661,0.09614826773313392,0.13216832412400603,0.0489695451419673,0.01181115578583468,-0.01181115578583468,2.9242817547097113
